<?xml version="1.0" encoding="UTF-8"?>
<!DOCTYPE mapper
        PUBLIC "-//mybatis.org//DTD Mapper 3.0//EN"
        "http://mybatis.org/dtd/mybatis-3-mapper.dtd">
<mapper namespace="com.java1234.mapper.SysMenuMapper">

    <resultMap id="BaseResultMap" type="com.java1234.entity.SysMenu">
            <id property="id" column="id" jdbcType="BIGINT"/>
            <result property="name" column="name" jdbcType="VARCHAR"/>
            <result property="icon" column="icon" jdbcType="VARCHAR"/>
            <result property="parentId" column="parent_id" jdbcType="BIGINT"/>
            <result property="orderNum" column="order_num" jdbcType="INTEGER"/>
            <result property="path" column="path" jdbcType="VARCHAR"/>
            <result property="component" column="component" jdbcType="VARCHAR"/>
            <result property="menuType" column="menu_type" jdbcType="CHAR"/>
            <result property="perms" column="perms" jdbcType="VARCHAR"/>
            <result property="createTime" column="create_time" jdbcType="TIMESTAMP"/>
            <result property="updateTime" column="update_time" jdbcType="TIMESTAMP"/>
            <result property="remark" column="remark" jdbcType="VARCHAR"/>
    </resultMap>

    <sql id="Base_Column_List">
        id,name,icon,
        parent_id,order_num,path,
        component,menu_type,perms,
        create_time,update_time,remark
    </sql>
</mapper>
