<?xml version="1.0" encoding="UTF-8"?>
<!DOCTYPE mapper
        PUBLIC "-//mybatis.org//DTD Mapper 3.0//EN"
        "http://mybatis.org/dtd/mybatis-3-mapper.dtd">
<mapper namespace="com.java1234.mapper.SysRoleMapper">

    <resultMap id="BaseResultMap" type="com.java1234.entity.SysRole">
            <id property="id" column="id" jdbcType="BIGINT"/>
            <result property="name" column="name" jdbcType="VARCHAR"/>
            <result property="code" column="code" jdbcType="VARCHAR"/>
            <result property="createTime" column="create_time" jdbcType="TIMESTAMP"/>
            <result property="updateTime" column="update_time" jdbcType="TIMESTAMP"/>
            <result property="remark" column="remark" jdbcType="VARCHAR"/>
    </resultMap>

    <sql id="Base_Column_List">
        id,name,code,
        create_time,update_time,remark
    </sql>
</mapper>
